source_file,csv_name,C:\Users\kschi\OneDrive\Desktop\Placards\TEST_SVGs\264BOAT_clean.svg,area,area_est,axis,bbox_area_sum,bin_center,check,commands,count,coverage_percent,def_id,file,fill,has_HV,href,id,index,kind_prop,opacity,rank,stroke,stroke_width,tag,value,vb_area
264BOAT_clean,colors.csv,,,,,,,,,56,,,,,,,,,fill,,,,,,none,
264BOAT_clean,colors.csv,,,,,,,,,24,,,,,,,,,stroke,,,,,,#411f9e,
264BOAT_clean,colors.csv,,,,,,,,,21,,,,,,,,,stroke,,,,,,#000000,
264BOAT_clean,colors.csv,,,,,,,,,10,,,,,,,,,stroke,,,,,,#00ff00,
264BOAT_clean,colors.csv,,,,,,,,,2,,,,,,,,,fill,,,,,,#f8991e,
264BOAT_clean,colors.csv,,,,,,,,,1,,,,,,,,,stroke,,,,,,#f8991e,
264BOAT_clean,coords_hist.csv,,,,x,,-100.0,,,1,,,,,,,,,,,,,,,,
264BOAT_clean,coords_hist.csv,,,,x,,0.0,,,109,,,,,,,,,,,,,,,,
264BOAT_clean,coords_hist.csv,,,,x,,100.0,,,1,,,,,,,,,,,,,,,,
264BOAT_clean,coords_hist.csv,,,,x,,300.0,,,8,,,,,,,,,,,,,,,,
264BOAT_clean,coords_hist.csv,,,,x,,500.0,,,1,,,,,,,,,,,,,,,,
264BOAT_clean,coords_hist.csv,,,,y,,-100.0,,,4,,,,,,,,,,,,,,,,
264BOAT_clean,coords_hist.csv,,,,y,,0.0,,,74,,,,,,,,,,,,,,,,
264BOAT_clean,coords_hist.csv,,,,y,,100.0,,,41,,,,,,,,,,,,,,,,
264BOAT_clean,coords_hist.csv,,,,y,,500.0,,,1,,,,,,,,,,,,,,,,
264BOAT_clean,elements.csv,,,0.35,,,,,M:1 V:5 H:5 Z:1,,,,,,1,,font_5_41,0,,,,,,path,,
264BOAT_clean,elements.csv,,,0.46,,,,,M:2 V:3 H:6 C:3 L:2 Z:1,,,,,,1,,font_5_53,1,,,,,,path,,
264BOAT_clean,elements.csv,,,0.48,,,,,M:2 H:5 L:5 C:1 Z:1,,,,,,1,,font_5_36,2,,,,,,path,,
264BOAT_clean,elements.csv,,,0.40,,,,,M:1 V:4 H:4 L:2 Z:1,,,,,,1,,font_5_49,3,,,,,,path,,
264BOAT_clean,elements.csv,,,0.42,,,,,M:1 V:3 H:4 L:3 Z:1,,,,,,1,,font_5_46,4,,,,,,path,,
264BOAT_clean,elements.csv,,,,,,,,M:1 Z:1,,,,,,0,,font_5_3,5,,,,,,path,,
264BOAT_clean,elements.csv,,,0.51,,,,,M:3 V:3 H:6 C:3 Z:1,,,,,,1,,font_5_37,6,,,,,,path,,
264BOAT_clean,elements.csv,,,0.51,,,,,M:2 C:2 Z:1,,,,,,0,,font_5_50,7,,,,,,path,,
264BOAT_clean,elements.csv,,,0.41,,,,,M:1 V:4 H:4 Z:1,,,,,,1,,font_5_55,8,,,,,,path,,
264BOAT_clean,elements.csv,,,0.38,,,,,M:1 V:6 H:6 Z:1,,,,,,1,,font_5_40,9,,,,,,path,,
264BOAT_clean,elements.csv,,,0.42,,,,,M:1 V:3 L:2 C:2 H:1 Z:1,,,,,,1,,font_5_42,10,,,,,,path,,
264BOAT_clean,elements.csv,,,0.82,,,,,M:1 C:2 H:2 Z:1,,,,,,1,,font_5_11,11,,,,,,path,,
264BOAT_clean,elements.csv,,,0.45,,,,,M:1 V:1 H:2 C:2 L:1 Z:1,,,,,,1,,font_5_21,12,,,,,,path,,
264BOAT_clean,elements.csv,,,0.34,,,,,M:1 C:3 L:2 Z:1,,,,,,0,,font_5_22,13,,,,,,path,,
264BOAT_clean,elements.csv,,,0.06,,,,,M:1 H:2 V:3 C:2 Z:1,,,,,,1,,font_5_20,14,,,,,,path,,
264BOAT_clean,elements.csv,,,0.02,,,,,M:1 V:2 H:2 Z:1,,,,,,1,,font_5_16,15,,,,,,path,,
264BOAT_clean,elements.csv,,,0.35,,,,,M:2 C:2 Z:1,,,,,,0,,font_5_25,16,,,,,,path,,
264BOAT_clean,elements.csv,,,0.35,,,,,M:2 V:6 H:6 L:2 Z:1,,,,,,1,,font_5_23,17,,,,,,path,,
264BOAT_clean,elements.csv,,,,,,,,M:1 H:2 C:2 Z:1,,,,,,1,,font_5_12,18,,,,,,path,,
264BOAT_clean,elements.csv,,,0.47,,,,,M:1 C:2 L:1 Z:1,,,,,,0,,font_5_38,19,,,,,,path,,
264BOAT_clean,elements.csv,,,0.42,,,,,M:1 C:2 L:1 Z:1,,,,,,0,,font_5_54,20,,,,,,path,,
264BOAT_clean,elements.csv,,,0.04,,,,,M:1 V:2 H:2 C:2 L:1 Z:1,,,,,,1,,font_5_15,21,,,,,,path,,
264BOAT_clean,elements.csv,,,0.66,,,,,M:1 H:5 L:7 C:3 Z:1,,,,,,1,,font_5_58,22,,,,,,path,,
264BOAT_clean,elements.csv,,,0.40,,,,,M:1 V:6 H:6 Z:1,,,,,,1,,font_5_43,23,,,,,,path,,
264BOAT_clean,elements.csv,,,0.47,,,,,M:1 H:3 L:3 C:1 Z:1,,,,,,1,,font_5_57,24,,,,,,path,,
264BOAT_clean,elements.csv,,,0.34,,,,,M:2 C:2 Z:1,,,,,,0,,font_5_19,25,,,,,,path,,
264BOAT_clean,elements.csv,,,0.34,,,,,M:1 C:2 L:2 H:2 V:1 Z:1,,,,,,1,,font_5_24,26,,,,,,path,,
264BOAT_clean,elements.csv,,,0.38,,,,,M:1 H:3 V:3 Z:1,,,,,,1,,font_8_47,27,,,,,,path,,
264BOAT_clean,elements.csv,,,0.55,,,,,M:2 H:5 L:4 Z:1,,,,,,1,,font_8_36,28,,,,,,path,,
264BOAT_clean,elements.csv,,,0.46,,,,,M:3 C:7 H:6 V:4 Z:1,,,,,,1,,font_8_37,29,,,,,,path,,
264BOAT_clean,elements.csv,,,0.38,,,,,M:1 H:6 V:6 Z:1,,,,,,1,,font_8_40,30,,,,,,path,,
264BOAT_clean,elements.csv,,,0.31,,,,,M:1 H:6 V:6 Z:1,,,,,,1,,font_8_44,31,,,,,,path,,
264BOAT_clean,elements.csv,,,0.48,,,,,M:1 H:4 L:2 V:4 Z:1,,,,,,1,,font_8_49,32,,,,,,path,,
264BOAT_clean,elements.csv,,,0.52,,,,,M:1 C:2 V:4 H:3 Z:1,,,,,,1,,font_8_42,33,,,,,,path,,
264BOAT_clean,elements.csv,,,,,,,,M:1 Z:1,,,,,,0,,font_8_3,34,,,,,,path,,
264BOAT_clean,elements.csv,,,0.38,,,,,M:1 H:5 V:5 Z:1,,,,,,1,,font_8_41,35,,,,,,path,,
264BOAT_clean,elements.csv,,,0.57,,,,,M:2 C:2 Z:1,,,,,,0,,font_8_50,36,,,,,,path,,
264BOAT_clean,elements.csv,,,0.51,,,,,M:2 C:3 H:6 V:3 L:2 Z:1,,,,,,1,,font_8_53,37,,,,,,path,,
264BOAT_clean,elements.csv,,,0.55,,,,,M:1 H:5 V:4 L:3 Z:1,,,,,,1,,font_8_48,38,,,,,,path,,
264BOAT_clean,elements.csv,,,0.47,,,,,M:1 H:4 V:4 Z:1,,,,,,1,,font_8_55,39,,,,,,path,,
264BOAT_clean,elements.csv,,,0.32,,,,,M:1 V:3 H:3 Z:1,,,,,,1,,font_5_47,40,,,,,,path,,
264BOAT_clean,elements.csv,,,0.51,,,,,M:2 V:2 H:4 C:2 Z:1,,,,,,1,,font_5_39,41,,,,,,path,,
264BOAT_clean,elements.csv,,,0.46,,,,,M:2 V:3 H:5 C:2 Z:1,,,,,,1,,font_5_51,42,,,,,,path,,
264BOAT_clean,elements.csv,,,0.07,,,,,M:1 V:2 H:2 Z:1,,,,,,1,,font_5_44,43,,,,,,path,,
264BOAT_clean,elements.csv,,,0.49,,,,,M:1 V:4 H:5 L:4 C:1 Z:1,,,,,,1,,font_5_48,44,,,,,,path,,
264BOAT_clean,elements.csv,,,0.34,,,,,M:1 H:2 V:4 C:2 Z:1,,,,,,1,,font_5_56,45,,,,,,path,,
264BOAT_clean,elements.csv,,,0.01,,,,,M:1 V:2 H:2 Z:1,,,,,,1,,font_5_17,46,,,,,,path,,
264BOAT_clean,elements.csv,,,0.21,,,,,M:1 H:2 L:1 Z:1,,,,,,1,,font_5_18,47,,,,,,path,,
264BOAT_clean,elements.csv,,,0.34,,,,,M:3 C:3 Z:1,,,,,,0,,font_5_27,48,,,,,,path,,
264BOAT_clean,elements.csv,,,0.07,,,,,M:2 V:4 H:4 L:2 Z:1,,,,,,1,,font_5_5,49,,,,,,path,,
264BOAT_clean,elements.csv,,,0.41,,,,,M:1 V:4 L:2 C:1 H:4 Z:1,,,,,,1,,font_5_61,50,,,,,,path,,
264BOAT_clean,elements.csv,,,0.47,,,,,M:1 C:3 V:2 H:2 Z:1,,,,,,1,,font_8_38,51,,,,,,path,,
264BOAT_clean,elements.csv,,,0.48,,,,,M:1 C:2 V:4 H:2 Z:1,,,,,,1,,font_8_56,52,,,,,,path,,
264BOAT_clean,elements.csv,,,0.10,,,,,M:2 H:4 V:4 Z:1,,,,,,1,,font_8_29,53,,,,,,path,,
264BOAT_clean,elements.csv,,,0.08,,,,,M:2 V:4 H:4 L:1 Z:1,,,,,,1,,font_5_4,54,,,,,,path,,
264BOAT_clean,elements.csv,,,0.47,,,,,M:1 V:2 L:4 H:3 C:1 Z:1,,,,,,1,,font_5_60,55,,,,,,path,,
264BOAT_clean,elements.csv,,,,,,,,,,,,,,0,,,56,,,,,,g,,
264BOAT_clean,elements.csv,,,,,,,,,,,,,,0,,,57,,,,,,g,,
264BOAT_clean,elements.csv,,,,,,,,M:1 V:1,,,,,none,1,,,58,,,,#000000,12.0,path,,
264BOAT_clean,elements.csv,,,104.24,,,,,M:1 H:2 V:2,,,,,none,1,,,59,,,,#411f9e,12.0,path,,
264BOAT_clean,elements.csv,,,104.24,,,,,M:1 H:2 V:2,,,,,none,1,,,60,,,,#411f9e,12.0,path,,
264BOAT_clean,elements.csv,,,103.42,,,,,M:1 H:2 V:2,,,,,none,1,,,61,,,,#411f9e,12.0,path,,
264BOAT_clean,elements.csv,,,104.70,,,,,M:1 H:2 V:2,,,,,none,1,,,62,,,,#411f9e,12.0,path,,
264BOAT_clean,elements.csv,,,104.70,,,,,M:1 H:2 V:2,,,,,none,1,,,63,,,,#411f9e,12.0,path,,
264BOAT_clean,elements.csv,,,104.24,,,,,M:1 H:2 V:2,,,,,none,1,,,64,,,,#411f9e,12.0,path,,
264BOAT_clean,elements.csv,,,104.24,,,,,M:1 H:2 V:2,,,,,none,1,,,65,,,,#411f9e,12.0,path,,
264BOAT_clean,elements.csv,,,104.24,,,,,M:1 H:2 V:2,,,,,none,1,,,66,,,,#411f9e,12.0,path,,
264BOAT_clean,elements.csv,,,104.24,,,,,M:1 H:2 V:2,,,,,none,1,,,67,,,,#411f9e,12.0,path,,
264BOAT_clean,elements.csv,,,104.70,,,,,M:1 H:2 V:2,,,,,none,1,,,68,,,,#411f9e,12.0,path,,
264BOAT_clean,elements.csv,,,104.24,,,,,M:1 H:2 V:2,,,,,none,1,,,69,,,,#411f9e,12.0,path,,
264BOAT_clean,elements.csv,,,103.42,,,,,M:1 H:2 V:2,,,,,none,1,,,70,,,,#411f9e,12.0,path,,
264BOAT_clean,elements.csv,,,103.42,,,,,M:1 H:2 V:2,,,,,none,1,,,71,,,,#411f9e,12.0,path,,
264BOAT_clean,elements.csv,,,104.24,,,,,M:1 H:2 V:2,,,,,none,1,,,72,,,,#411f9e,12.0,path,,
264BOAT_clean,elements.csv,,,103.42,,,,,M:1 H:2 V:2,,,,,none,1,,,73,,,,#411f9e,12.0,path,,
264BOAT_clean,elements.csv,,,103.42,,,,,M:1 H:2 V:2,,,,,none,1,,,74,,,,#411f9e,12.0,path,,
264BOAT_clean,elements.csv,,,104.24,,,,,M:1 H:2 V:2,,,,,none,1,,,75,,,,#411f9e,12.0,path,,
264BOAT_clean,elements.csv,,,103.42,,,,,M:1 H:2 V:2,,,,,none,1,,,76,,,,#411f9e,12.0,path,,
264BOAT_clean,elements.csv,,,104.24,,,,,M:1 H:2 V:2,,,,,none,1,,,77,,,,#411f9e,12.0,path,,
264BOAT_clean,elements.csv,,,103.42,,,,,M:1 H:2 V:2,,,,,none,1,,,78,,,,#411f9e,12.0,path,,
264BOAT_clean,elements.csv,,,104.24,,,,,M:1 H:2 V:2,,,,,none,1,,,79,,,,#411f9e,12.0,path,,
264BOAT_clean,elements.csv,,,103.42,,,,,M:1 H:2 V:2,,,,,none,1,,,80,,,,#411f9e,12.0,path,,
264BOAT_clean,elements.csv,,,52.06,,,,,M:1,,,,,none,0,,,81,,,,#000000,12.0,path,,
264BOAT_clean,elements.csv,,,,,,,,M:1 H:1,,,,,none,1,,,82,,,,#000000,12.0,path,,
264BOAT_clean,elements.csv,,,4.93,,,,,M:1,,,,,none,0,,,83,,,,#00ff00,12.0,path,,
264BOAT_clean,elements.csv,,,1.26,,,,,M:1,,,,,none,0,,,84,,,,#00ff00,12.0,path,,
264BOAT_clean,elements.csv,,,1.26,,,,,M:1,,,,,none,0,,,85,,,,#00ff00,12.0,path,,
264BOAT_clean,elements.csv,,,1.21,,,,,M:1,,,,,none,0,,,86,,,,#00ff00,12.0,path,,
264BOAT_clean,elements.csv,,,5.54,,,,,M:1,,,,,none,0,,,87,,,,#00ff00,12.0,path,,
264BOAT_clean,elements.csv,,,5.54,,,,,M:1,,,,,none,0,,,88,,,,#00ff00,12.0,path,,
264BOAT_clean,elements.csv,,,,,,,,M:1 V:1,,,,,none,1,,,89,,,,#00ff00,12.0,path,,
264BOAT_clean,elements.csv,,,,,,,,M:1 V:1,,,,,none,1,,,90,,,,#00ff00,12.0,path,,
264BOAT_clean,elements.csv,,,0.62,,,,,M:1 C:1,,,,,none,0,,,91,,,,#00ff00,12.0,path,,
264BOAT_clean,elements.csv,,,1.21,,,,,M:1,,,,,none,0,,,92,,,,#00ff00,12.0,path,,
264BOAT_clean,elements.csv,,,103.87,,,,,M:1 H:2 V:2,,,,,none,1,,,93,,,,#411f9e,12.0,path,,
264BOAT_clean,elements.csv,,,103.42,,,,,M:1 H:2 V:2,,,,,none,1,,,94,,,,#411f9e,12.0,path,,
264BOAT_clean,elements.csv,,,,,,,,,,,,,,0,,,95,,,,,,g,,
264BOAT_clean,elements.csv,,,,,,,,,,,,,,0,,,96,,,,,,g,,
264BOAT_clean,elements.csv,,,,,,,,,,,,,,0,,,97,,,,,,use,,
264BOAT_clean,elements.csv,,,,,,,,,,,,,,0,,,98,,,,,,use,,
264BOAT_clean,elements.csv,,,,,,,,,,,,,,0,,,99,,,,,,use,,
264BOAT_clean,elements.csv,,,,,,,,,,,,,,0,,,100,,,,,,use,,
264BOAT_clean,elements.csv,,,,,,,,,,,,,,0,,,101,,,,,,use,,
264BOAT_clean,elements.csv,,,,,,,,,,,,,,0,,,102,,,,,,use,,
264BOAT_clean,elements.csv,,,,,,,,,,,,,,0,,,103,,,,,,use,,
264BOAT_clean,elements.csv,,,,,,,,,,,,,,0,,,104,,,,,,use,,
264BOAT_clean,elements.csv,,,,,,,,,,,,,,0,,,105,,,,,,use,,
264BOAT_clean,elements.csv,,,,,,,,,,,,,,0,,,106,,,,,,use,,
264BOAT_clean,elements.csv,,,,,,,,,,,,,,0,,,107,,,,,,use,,
264BOAT_clean,elements.csv,,,,,,,,,,,,,,0,,,108,,,,,,use,,
264BOAT_clean,elements.csv,,,,,,,,,,,,,,0,,,109,,,,,,use,,
264BOAT_clean,elements.csv,,,,,,,,,,,,,,0,,,110,,,,,,g,,
264BOAT_clean,elements.csv,,,,,,,,,,,,,,0,,,111,,,,,,use,,
264BOAT_clean,elements.csv,,,,,,,,,,,,,,0,,,112,,,,,,use,,
264BOAT_clean,elements.csv,,,,,,,,,,,,,,0,,,113,,,,,,use,,
264BOAT_clean,elements.csv,,,,,,,,,,,,,,0,,,114,,,,,,use,,
264BOAT_clean,elements.csv,,,,,,,,,,,,,,0,,,115,,,,,,use,,
264BOAT_clean,elements.csv,,,,,,,,,,,,,,0,,,116,,,,,,use,,
264BOAT_clean,elements.csv,,,,,,,,,,,,,,0,,,117,,,,,,use,,
264BOAT_clean,elements.csv,,,,,,,,,,,,,,0,,,118,,,,,,use,,
264BOAT_clean,elements.csv,,,,,,,,,,,,,,0,,,119,,,,,,use,,
264BOAT_clean,elements.csv,,,,,,,,,,,,,,0,,,120,,,,,,use,,
264BOAT_clean,elements.csv,,,,,,,,,,,,,,0,,,121,,,,,,use,,
264BOAT_clean,elements.csv,,,,,,,,,,,,,,0,,,122,,,,,,use,,
264BOAT_clean,elements.csv,,,,,,,,,,,,,,0,,,123,,,,,,use,,
264BOAT_clean,elements.csv,,,,,,,,,,,,,,0,,,124,,,,,,use,,
264BOAT_clean,elements.csv,,,,,,,,,,,,,,0,,,125,,,,,,use,,
264BOAT_clean,elements.csv,,,,,,,,,,,,,,0,,,126,,,,,,use,,
264BOAT_clean,elements.csv,,,,,,,,,,,,,,0,,,127,,,,,,use,,
264BOAT_clean,elements.csv,,,,,,,,,,,,,,0,,,128,,,,,,use,,
264BOAT_clean,elements.csv,,,,,,,,,,,,,,0,,,129,,,,,,use,,
264BOAT_clean,elements.csv,,,,,,,,,,,,,,0,,,130,,,,,,use,,
264BOAT_clean,elements.csv,,,,,,,,,,,,,,0,,,131,,,,,,use,,
264BOAT_clean,elements.csv,,,,,,,,,,,,,,0,,,132,,,,,,use,,
264BOAT_clean,elements.csv,,,,,,,,,,,,,,0,,,133,,,,,,use,,
264BOAT_clean,elements.csv,,,,,,,,,,,,,,0,,,134,,,,,,use,,
264BOAT_clean,elements.csv,,,,,,,,,,,,,,0,,,135,,,,,,use,,
264BOAT_clean,elements.csv,,,,,,,,,,,,,,0,,,136,,,,,,use,,
264BOAT_clean,elements.csv,,,,,,,,,,,,,,0,,,137,,,,,,use,,
264BOAT_clean,elements.csv,,,,,,,,,,,,,,0,,,138,,,,,,use,,
264BOAT_clean,elements.csv,,,,,,,,,,,,,,0,,,139,,,,,,use,,
264BOAT_clean,elements.csv,,,,,,,,,,,,,,0,,,140,,,,,,use,,
264BOAT_clean,elements.csv,,,,,,,,,,,,,,0,,,141,,,,,,use,,
264BOAT_clean,elements.csv,,,,,,,,,,,,,,0,,,142,,,,,,use,,
264BOAT_clean,elements.csv,,,,,,,,,,,,,,0,,,143,,,,,,use,,
264BOAT_clean,elements.csv,,,,,,,,,,,,,,0,,,144,,,,,,use,,
264BOAT_clean,elements.csv,,,,,,,,,,,,,,0,,,145,,,,,,use,,
264BOAT_clean,elements.csv,,,,,,,,,,,,,,0,,,146,,,,,,use,,
264BOAT_clean,elements.csv,,,,,,,,,,,,,,0,,,147,,,,,,use,,
264BOAT_clean,elements.csv,,,,,,,,,,,,,,0,,,148,,,,,,use,,
264BOAT_clean,elements.csv,,,,,,,,,,,,,,0,,,149,,,,,,use,,
264BOAT_clean,elements.csv,,,,,,,,,,,,,,0,,,150,,,,,,use,,
264BOAT_clean,elements.csv,,,,,,,,,,,,,,0,,,151,,,,,,use,,
264BOAT_clean,elements.csv,,,,,,,,,,,,,,0,,,152,,,,,,use,,
264BOAT_clean,elements.csv,,,,,,,,,,,,,,0,,,153,,,,,,use,,
264BOAT_clean,elements.csv,,,,,,,,,,,,,,0,,,154,,,,,,use,,
264BOAT_clean,elements.csv,,,,,,,,,,,,,,0,,,155,,,,,,use,,
264BOAT_clean,elements.csv,,,,,,,,,,,,,,0,,,156,,,,,,use,,
264BOAT_clean,elements.csv,,,,,,,,,,,,,,0,,,157,,,,,,use,,
264BOAT_clean,elements.csv,,,,,,,,,,,,,,0,,,158,,,,,,use,,
264BOAT_clean,elements.csv,,,,,,,,,,,,,,0,,,159,,,,,,use,,
264BOAT_clean,elements.csv,,,,,,,,,,,,,,0,,,160,,,,,,use,,
264BOAT_clean,elements.csv,,,,,,,,,,,,,,0,,,161,,,,,,use,,
264BOAT_clean,elements.csv,,,,,,,,M:1 H:1,,,,,none,1,,,162,,,,#000000,12.0,path,,
264BOAT_clean,elements.csv,,,,,,,,,,,,,,0,,,163,,,,,,g,,
264BOAT_clean,elements.csv,,,,,,,,,,,,,,0,,,164,,,,,,use,,
264BOAT_clean,elements.csv,,,,,,,,,,,,,,0,,,165,,,,,,use,,
264BOAT_clean,elements.csv,,,,,,,,,,,,,,0,,,166,,,,,,use,,
264BOAT_clean,elements.csv,,,,,,,,,,,,,,0,,,167,,,,,,use,,
264BOAT_clean,elements.csv,,,,,,,,,,,,,,0,,,168,,,,,,use,,
264BOAT_clean,elements.csv,,,,,,,,,,,,,,0,,,169,,,,,,use,,
264BOAT_clean,elements.csv,,,,,,,,,,,,,,0,,,170,,,,,,use,,
264BOAT_clean,elements.csv,,,,,,,,,,,,,,0,,,171,,,,,,use,,
264BOAT_clean,elements.csv,,,,,,,,,,,,,,0,,,172,,,,,,use,,
264BOAT_clean,elements.csv,,,,,,,,,,,,,,0,,,173,,,,,,use,,
264BOAT_clean,elements.csv,,,,,,,,,,,,,,0,,,174,,,,,,use,,
264BOAT_clean,elements.csv,,,,,,,,,,,,,,0,,,175,,,,,,use,,
264BOAT_clean,elements.csv,,,,,,,,,,,,,,0,,,176,,,,,,use,,
264BOAT_clean,elements.csv,,,,,,,,,,,,,,0,,,177,,,,,,use,,
264BOAT_clean,elements.csv,,,,,,,,,,,,,,0,,,178,,,,,,use,,
264BOAT_clean,elements.csv,,,,,,,,,,,,,,0,,,179,,,,,,g,,
264BOAT_clean,elements.csv,,,,,,,,,,,,,,0,,,180,,,,,,use,,
264BOAT_clean,elements.csv,,,,,,,,,,,,,,0,,,181,,,,,,use,,
264BOAT_clean,elements.csv,,,,,,,,,,,,,,0,,,182,,,,,,use,,
264BOAT_clean,elements.csv,,,,,,,,,,,,,,0,,,183,,,,,,use,,
264BOAT_clean,elements.csv,,,,,,,,,,,,,,0,,,184,,,,,,use,,
264BOAT_clean,elements.csv,,,,,,,,,,,,,,0,,,185,,,,,,use,,
264BOAT_clean,elements.csv,,,,,,,,,,,,,,0,,,186,,,,,,use,,
264BOAT_clean,elements.csv,,,,,,,,,,,,,,0,,,187,,,,,,use,,
264BOAT_clean,elements.csv,,,,,,,,,,,,,,0,,,188,,,,,,use,,
264BOAT_clean,elements.csv,,,,,,,,,,,,,,0,,,189,,,,,,use,,
264BOAT_clean,elements.csv,,,,,,,,,,,,,,0,,,190,,,,,,use,,
264BOAT_clean,elements.csv,,,,,,,,,,,,,,0,,,191,,,,,,use,,
264BOAT_clean,elements.csv,,,,,,,,,,,,,,0,,,192,,,,,,use,,
264BOAT_clean,elements.csv,,,,,,,,,,,,,,0,,,193,,,,,,use,,
264BOAT_clean,elements.csv,,,,,,,,,,,,,,0,,,194,,,,,,use,,
264BOAT_clean,elements.csv,,,,,,,,,,,,,,0,,,195,,,,,,use,,
264BOAT_clean,elements.csv,,,,,,,,,,,,,,0,,,196,,,,,,use,,
264BOAT_clean,elements.csv,,,,,,,,,,,,,,0,,,197,,,,,,use,,
264BOAT_clean,elements.csv,,,,,,,,,,,,,,0,,,198,,,,,,use,,
264BOAT_clean,elements.csv,,,,,,,,,,,,,,0,,,199,,,,,,use,,
264BOAT_clean,elements.csv,,,,,,,,,,,,,,0,,,200,,,,,,use,,
264BOAT_clean,elements.csv,,,,,,,,,,,,,,0,,,201,,,,,,use,,
264BOAT_clean,elements.csv,,,,,,,,,,,,,,0,,,202,,,,,,use,,
264BOAT_clean,elements.csv,,,,,,,,,,,,,,0,,,203,,,,,,use,,
264BOAT_clean,elements.csv,,,,,,,,,,,,,,0,,,204,,,,,,use,,
264BOAT_clean,elements.csv,,,,,,,,,,,,,,0,,,205,,,,,,use,,
264BOAT_clean,elements.csv,,,,,,,,,,,,,,0,,,206,,,,,,use,,
264BOAT_clean,elements.csv,,,,,,,,,,,,,,0,,,207,,,,,,use,,
264BOAT_clean,elements.csv,,,,,,,,,,,,,,0,,,208,,,,,,use,,
264BOAT_clean,elements.csv,,,,,,,,,,,,,,0,,,209,,,,,,use,,
264BOAT_clean,elements.csv,,,,,,,,,,,,,,0,,,210,,,,,,use,,
264BOAT_clean,elements.csv,,,,,,,,,,,,,,0,,,211,,,,,,use,,
264BOAT_clean,elements.csv,,,,,,,,,,,,,,0,,,212,,,,,,use,,
264BOAT_clean,elements.csv,,,,,,,,,,,,,,0,,,213,,,,,,use,,
264BOAT_clean,elements.csv,,,,,,,,,,,,,,0,,,214,,,,,,use,,
264BOAT_clean,elements.csv,,,,,,,,,,,,,,0,,,215,,,,,,use,,
264BOAT_clean,elements.csv,,,,,,,,,,,,,,0,,,216,,,,,,use,,
264BOAT_clean,elements.csv,,,,,,,,,,,,,,0,,,217,,,,,,use,,
264BOAT_clean,elements.csv,,,,,,,,,,,,,,0,,,218,,,,,,use,,
264BOAT_clean,elements.csv,,,,,,,,,,,,,,0,,,219,,,,,,use,,
264BOAT_clean,elements.csv,,,,,,,,,,,,,,0,,,220,,,,,,use,,
264BOAT_clean,elements.csv,,,,,,,,,,,,,,0,,,221,,,,,,use,,
264BOAT_clean,elements.csv,,,,,,,,,,,,,,0,,,222,,,,,,use,,
264BOAT_clean,elements.csv,,,,,,,,,,,,,,0,,,223,,,,,,use,,
264BOAT_clean,elements.csv,,,,,,,,,,,,,,0,,,224,,,,,,use,,
264BOAT_clean,elements.csv,,,,,,,,,,,,,,0,,,225,,,,,,use,,
264BOAT_clean,elements.csv,,,,,,,,,,,,,,0,,,226,,,,,,use,,
264BOAT_clean,elements.csv,,,,,,,,,,,,,,0,,,227,,,,,,use,,
264BOAT_clean,elements.csv,,,,,,,,,,,,,,0,,,228,,,,,,use,,
264BOAT_clean,elements.csv,,,,,,,,,,,,,,0,,,229,,,,,,use,,
264BOAT_clean,elements.csv,,,,,,,,,,,,,,0,,,230,,,,,,use,,
264BOAT_clean,elements.csv,,,,,,,,,,,,,,0,,,231,,,,,,use,,
264BOAT_clean,elements.csv,,,,,,,,,,,,,,0,,,232,,,,,,use,,
264BOAT_clean,elements.csv,,,,,,,,,,,,,,0,,,233,,,,,,use,,
264BOAT_clean,elements.csv,,,,,,,,,,,,,,0,,,234,,,,,,use,,
264BOAT_clean,elements.csv,,,,,,,,,,,,,,0,,,235,,,,,,use,,
264BOAT_clean,elements.csv,,,,,,,,,,,,,,0,,,236,,,,,,use,,
264BOAT_clean,elements.csv,,,,,,,,,,,,,,0,,,237,,,,,,use,,
264BOAT_clean,elements.csv,,,,,,,,,,,,,,0,,,238,,,,,,use,,
264BOAT_clean,elements.csv,,,,,,,,,,,,,,0,,,239,,,,,,use,,
264BOAT_clean,elements.csv,,,,,,,,,,,,,,0,,,240,,,,,,use,,
264BOAT_clean,elements.csv,,,,,,,,,,,,,,0,,,241,,,,,,use,,
264BOAT_clean,elements.csv,,,,,,,,,,,,,,0,,,242,,,,,,use,,
264BOAT_clean,elements.csv,,,,,,,,,,,,,,0,,,243,,,,,,use,,
264BOAT_clean,elements.csv,,,,,,,,,,,,,,0,,,244,,,,,,use,,
264BOAT_clean,elements.csv,,,,,,,,,,,,,,0,,,245,,,,,,use,,
264BOAT_clean,elements.csv,,,,,,,,,,,,,,0,,,246,,,,,,use,,
264BOAT_clean,elements.csv,,,,,,,,,,,,,,0,,,247,,,,,,use,,
264BOAT_clean,elements.csv,,,,,,,,,,,,,,0,,,248,,,,,,use,,
264BOAT_clean,elements.csv,,,,,,,,,,,,,,0,,,249,,,,,,use,,
264BOAT_clean,elements.csv,,,,,,,,,,,,,,0,,,250,,,,,,use,,
264BOAT_clean,elements.csv,,,,,,,,,,,,,,0,,,251,,,,,,use,,
264BOAT_clean,elements.csv,,,,,,,,,,,,,,0,,,252,,,,,,use,,
264BOAT_clean,elements.csv,,,,,,,,,,,,,,0,,,253,,,,,,use,,
264BOAT_clean,elements.csv,,,,,,,,,,,,,,0,,,254,,,,,,use,,
264BOAT_clean,elements.csv,,,,,,,,,,,,,,0,,,255,,,,,,use,,
264BOAT_clean,elements.csv,,,,,,,,,,,,,,0,,,256,,,,,,use,,
264BOAT_clean,elements.csv,,,,,,,,,,,,,,0,,,257,,,,,,use,,
264BOAT_clean,elements.csv,,,,,,,,,,,,,,0,,,258,,,,,,use,,
264BOAT_clean,elements.csv,,,,,,,,,,,,,,0,,,259,,,,,,use,,
264BOAT_clean,elements.csv,,,,,,,,,,,,,,0,,,260,,,,,,use,,
264BOAT_clean,elements.csv,,,,,,,,,,,,,,0,,,261,,,,,,use,,
264BOAT_clean,elements.csv,,,,,,,,,,,,,,0,,,262,,,,,,use,,
264BOAT_clean,elements.csv,,,,,,,,,,,,,,0,,,263,,,,,,use,,
264BOAT_clean,elements.csv,,,,,,,,,,,,,,0,,,264,,,,,,use,,
264BOAT_clean,elements.csv,,,,,,,,,,,,,,0,,,265,,,,,,use,,
264BOAT_clean,elements.csv,,,,,,,,,,,,,,0,,,266,,,,,,use,,
264BOAT_clean,elements.csv,,,,,,,,,,,,,,0,,,267,,,,,,use,,
264BOAT_clean,elements.csv,,,,,,,,,,,,,,0,,,268,,,,,,use,,
264BOAT_clean,elements.csv,,,,,,,,,,,,,,0,,,269,,,,,,use,,
264BOAT_clean,elements.csv,,,,,,,,,,,,,,0,,,270,,,,,,use,,
264BOAT_clean,elements.csv,,,,,,,,,,,,,,0,,,271,,,,,,use,,
264BOAT_clean,elements.csv,,,,,,,,,,,,,,0,,,272,,,,,,use,,
264BOAT_clean,elements.csv,,,,,,,,,,,,,,0,,,273,,,,,,use,,
264BOAT_clean,elements.csv,,,,,,,,,,,,,,0,,,274,,,,,,use,,
264BOAT_clean,elements.csv,,,,,,,,,,,,,,0,,,275,,,,,,use,,
264BOAT_clean,elements.csv,,,,,,,,,,,,,,0,,,276,,,,,,use,,
264BOAT_clean,elements.csv,,,,,,,,,,,,,,0,,,277,,,,,,use,,
264BOAT_clean,elements.csv,,,,,,,,,,,,,,0,,,278,,,,,,use,,
264BOAT_clean,elements.csv,,,,,,,,,,,,,,0,,,279,,,,,,use,,
264BOAT_clean,elements.csv,,,,,,,,,,,,,,0,,,280,,,,,,use,,
264BOAT_clean,elements.csv,,,,,,,,,,,,,,0,,,281,,,,,,use,,
264BOAT_clean,elements.csv,,,,,,,,,,,,,,0,,,282,,,,,,use,,
264BOAT_clean,elements.csv,,,,,,,,,,,,,,0,,,283,,,,,,use,,
264BOAT_clean,elements.csv,,,,,,,,,,,,,,0,,,284,,,,,,use,,
264BOAT_clean,elements.csv,,,,,,,,,,,,,,0,,,285,,,,,,use,,
264BOAT_clean,elements.csv,,,,,,,,,,,,,,0,,,286,,,,,,use,,
264BOAT_clean,elements.csv,,,,,,,,,,,,,,0,,,287,,,,,,use,,
264BOAT_clean,elements.csv,,,,,,,,,,,,,,0,,,288,,,,,,use,,
264BOAT_clean,elements.csv,,,,,,,,,,,,,,0,,,289,,,,,,use,,
264BOAT_clean,elements.csv,,,,,,,,,,,,,,0,,,290,,,,,,use,,
264BOAT_clean,elements.csv,,,,,,,,,,,,,,0,,,291,,,,,,use,,
264BOAT_clean,elements.csv,,,,,,,,,,,,,,0,,,292,,,,,,use,,
264BOAT_clean,elements.csv,,,,,,,,,,,,,,0,,,293,,,,,,use,,
264BOAT_clean,elements.csv,,,,,,,,,,,,,,0,,,294,,,,,,use,,
264BOAT_clean,elements.csv,,,,,,,,,,,,,,0,,,295,,,,,,use,,
264BOAT_clean,elements.csv,,,,,,,,,,,,,,0,,,296,,,,,,use,,
264BOAT_clean,elements.csv,,,,,,,,,,,,,,0,,,297,,,,,,use,,
264BOAT_clean,elements.csv,,,,,,,,,,,,,,0,,,298,,,,,,use,,
264BOAT_clean,elements.csv,,,,,,,,,,,,,,0,,,299,,,,,,use,,
264BOAT_clean,elements.csv,,,,,,,,,,,,,,0,,,300,,,,,,use,,
264BOAT_clean,elements.csv,,,,,,,,,,,,,,0,,,301,,,,,,use,,
264BOAT_clean,elements.csv,,,,,,,,,,,,,,0,,,302,,,,,,use,,
264BOAT_clean,elements.csv,,,,,,,,,,,,,,0,,,303,,,,,,use,,
264BOAT_clean,elements.csv,,,,,,,,,,,,,,0,,,304,,,,,,use,,
264BOAT_clean,elements.csv,,,,,,,,,,,,,,0,,,305,,,,,,use,,
264BOAT_clean,elements.csv,,,,,,,,,,,,,,0,,,306,,,,,,use,,
264BOAT_clean,elements.csv,,,,,,,,,,,,,,0,,,307,,,,,,use,,
264BOAT_clean,elements.csv,,,,,,,,,,,,,,0,,,308,,,,,,use,,
264BOAT_clean,elements.csv,,,,,,,,,,,,,,0,,,309,,,,,,use,,
264BOAT_clean,elements.csv,,,,,,,,,,,,,,0,,,310,,,,,,use,,
264BOAT_clean,elements.csv,,,,,,,,,,,,,,0,,,311,,,,,,use,,
264BOAT_clean,elements.csv,,,,,,,,,,,,,,0,,,312,,,,,,use,,
264BOAT_clean,elements.csv,,,,,,,,,,,,,,0,,,313,,,,,,use,,
264BOAT_clean,elements.csv,,,,,,,,,,,,,,0,,,314,,,,,,use,,
264BOAT_clean,elements.csv,,,,,,,,,,,,,,0,,,315,,,,,,use,,
264BOAT_clean,elements.csv,,,,,,,,,,,,,,0,,,316,,,,,,use,,
264BOAT_clean,elements.csv,,,,,,,,,,,,,,0,,,317,,,,,,use,,
264BOAT_clean,elements.csv,,,,,,,,,,,,,,0,,,318,,,,,,use,,
264BOAT_clean,elements.csv,,,,,,,,,,,,,,0,,,319,,,,,,use,,
264BOAT_clean,elements.csv,,,,,,,,,,,,,,0,,,320,,,,,,use,,
264BOAT_clean,elements.csv,,,,,,,,,,,,,,0,,,321,,,,,,use,,
264BOAT_clean,elements.csv,,,,,,,,,,,,,,0,,,322,,,,,,use,,
264BOAT_clean,elements.csv,,,,,,,,,,,,,,0,,,323,,,,,,use,,
264BOAT_clean,elements.csv,,,,,,,,,,,,,,0,,,324,,,,,,use,,
264BOAT_clean,elements.csv,,,,,,,,,,,,,,0,,,325,,,,,,use,,
264BOAT_clean,elements.csv,,,,,,,,,,,,,,0,,,326,,,,,,use,,
264BOAT_clean,elements.csv,,,,,,,,,,,,,,0,,,327,,,,,,use,,
264BOAT_clean,elements.csv,,,,,,,,,,,,,,0,,,328,,,,,,use,,
264BOAT_clean,elements.csv,,,,,,,,,,,,,,0,,,329,,,,,,use,,
264BOAT_clean,elements.csv,,,,,,,,,,,,,,0,,,330,,,,,,use,,
264BOAT_clean,elements.csv,,,,,,,,,,,,,,0,,,331,,,,,,use,,
264BOAT_clean,elements.csv,,,,,,,,,,,,,,0,,,332,,,,,,use,,
264BOAT_clean,elements.csv,,,,,,,,,,,,,,0,,,333,,,,,,use,,
264BOAT_clean,elements.csv,,,,,,,,,,,,,,0,,,334,,,,,,use,,
264BOAT_clean,elements.csv,,,,,,,,,,,,,,0,,,335,,,,,,use,,
264BOAT_clean,elements.csv,,,,,,,,,,,,,,0,,,336,,,,,,use,,
264BOAT_clean,elements.csv,,,,,,,,,,,,,,0,,,337,,,,,,use,,
264BOAT_clean,elements.csv,,,,,,,,,,,,,,0,,,338,,,,,,use,,
264BOAT_clean,elements.csv,,,,,,,,,,,,,,0,,,339,,,,,,use,,
264BOAT_clean,elements.csv,,,,,,,,,,,,,,0,,,340,,,,,,use,,
264BOAT_clean,elements.csv,,,,,,,,,,,,,,0,,,341,,,,,,use,,
264BOAT_clean,elements.csv,,,,,,,,,,,,,,0,,,342,,,,,,use,,
264BOAT_clean,elements.csv,,,,,,,,,,,,,,0,,,343,,,,,,use,,
264BOAT_clean,elements.csv,,,,,,,,,,,,,,0,,,344,,,,,,use,,
264BOAT_clean,elements.csv,,,,,,,,,,,,,,0,,,345,,,,,,use,,
264BOAT_clean,elements.csv,,,,,,,,,,,,,,0,,,346,,,,,,use,,
264BOAT_clean,elements.csv,,,,,,,,,,,,,,0,,,347,,,,,,use,,
264BOAT_clean,elements.csv,,,,,,,,,,,,,,0,,,348,,,,,,use,,
264BOAT_clean,elements.csv,,,,,,,,,,,,,,0,,,349,,,,,,use,,
264BOAT_clean,elements.csv,,,,,,,,,,,,,,0,,,350,,,,,,use,,
264BOAT_clean,elements.csv,,,,,,,,,,,,,,0,,,351,,,,,,use,,
264BOAT_clean,elements.csv,,,,,,,,,,,,,,0,,,352,,,,,,use,,
264BOAT_clean,elements.csv,,,,,,,,,,,,,,0,,,353,,,,,,use,,
264BOAT_clean,elements.csv,,,,,,,,,,,,,,0,,,354,,,,,,use,,
264BOAT_clean,elements.csv,,,,,,,,,,,,,,0,,,355,,,,,,use,,
264BOAT_clean,elements.csv,,,,,,,,,,,,,,0,,,356,,,,,,use,,
264BOAT_clean,elements.csv,,,,,,,,,,,,,,0,,,357,,,,,,use,,
264BOAT_clean,elements.csv,,,,,,,,,,,,,,0,,,358,,,,,,use,,
264BOAT_clean,elements.csv,,,,,,,,,,,,,,0,,,359,,,,,,use,,
264BOAT_clean,elements.csv,,,,,,,,,,,,,,0,,,360,,,,,,use,,
264BOAT_clean,elements.csv,,,,,,,,,,,,,,0,,,361,,,,,,use,,
264BOAT_clean,elements.csv,,,,,,,,,,,,,,0,,,362,,,,,,use,,
264BOAT_clean,elements.csv,,,,,,,,,,,,,,0,,,363,,,,,,use,,
264BOAT_clean,elements.csv,,,11.02,,,,,M:1 H:1 V:1 Z:1,,,,,#f8991e,1,,,364,,,,,,path,,
264BOAT_clean,elements.csv,,,11.02,,,,,M:1 H:1 V:1 Z:1,,,,,none,1,,,365,,,,#f8991e,0.0,path,,
264BOAT_clean,elements.csv,,,,,,,,,,,,,,0,,,366,,,,,,use,,
264BOAT_clean,elements.csv,,,,,,,,,,,,,,0,,,367,,,,,,use,,
264BOAT_clean,elements.csv,,,,,,,,,,,,,,0,,,368,,,,,,use,,
264BOAT_clean,elements.csv,,,,,,,,,,,,,,0,,,369,,,,,,use,,
264BOAT_clean,elements.csv,,,,,,,,,,,,,,0,,,370,,,,,,use,,
264BOAT_clean,elements.csv,,,,,,,,,,,,,,0,,,371,,,,,,use,,
264BOAT_clean,elements.csv,,,,,,,,,,,,,,0,,,372,,,,,,use,,
264BOAT_clean,elements.csv,,,,,,,,,,,,,,0,,,373,,,,,,use,,
264BOAT_clean,elements.csv,,,,,,,,,,,,,,0,,,374,,,,,,use,,
264BOAT_clean,elements.csv,,,,,,,,,,,,,,0,,,375,,,,,,use,,
264BOAT_clean,elements.csv,,,,,,,,,,,,,,0,,,376,,,,,,use,,
264BOAT_clean,elements.csv,,,,,,,,,,,,,,0,,,377,,,,,,use,,
264BOAT_clean,elements.csv,,,,,,,,,,,,,,0,,,378,,,,,,use,,
264BOAT_clean,elements.csv,,,,,,,,,,,,,,0,,,379,,,,,,use,,
264BOAT_clean,elements.csv,,,,,,,,,,,,,,0,,,380,,,,,,use,,
264BOAT_clean,elements.csv,,,,,,,,,,,,,,0,,,381,,,,,,use,,
264BOAT_clean,elements.csv,,,,,,,,,,,,,,0,,,382,,,,,,use,,
264BOAT_clean,elements.csv,,,,,,,,,,,,,,0,,,383,,,,,,use,,
264BOAT_clean,elements.csv,,,,,,,,,,,,,,0,,,384,,,,,,use,,
264BOAT_clean,elements.csv,,,,,,,,,,,,,,0,,,385,,,,,,use,,
264BOAT_clean,elements.csv,,,,,,,,,,,,,,0,,,386,,,,,,use,,
264BOAT_clean,elements.csv,,,,,,,,,,,,,,0,,,387,,,,,,use,,
264BOAT_clean,elements.csv,,,,,,,,,,,,,,0,,,388,,,,,,use,,
264BOAT_clean,elements.csv,,,,,,,,,,,,,,0,,,389,,,,,,use,,
264BOAT_clean,elements.csv,,,,,,,,,,,,,,0,,,390,,,,,,use,,
264BOAT_clean,elements.csv,,,,,,,,,,,,,,0,,,391,,,,,,use,,
264BOAT_clean,elements.csv,,,,,,,,,,,,,,0,,,392,,,,,,use,,
264BOAT_clean,elements.csv,,,,,,,,,,,,,,0,,,393,,,,,,use,,
264BOAT_clean,elements.csv,,,,,,,,,,,,,,0,,,394,,,,,,use,,
264BOAT_clean,elements.csv,,,,,,,,,,,,,,0,,,395,,,,,,use,,
264BOAT_clean,elements.csv,,,,,,,,,,,,,,0,,,396,,,,,,use,,
264BOAT_clean,elements.csv,,,,,,,,,,,,,,0,,,397,,,,,,use,,
264BOAT_clean,elements.csv,,,,,,,,,,,,,,0,,,398,,,,,,use,,
264BOAT_clean,elements.csv,,,1.72,,,,,M:1 C:1,,,,,none,0,,,399,,,,#000000,12.0,path,,
264BOAT_clean,elements.csv,,,,,,,,,,,,,#f8991e,0,,,400,,,,,,use,,
264BOAT_clean,elements.csv,,,,,,,,,,,,,,0,,,401,,,,,,use,,
264BOAT_clean,elements.csv,,,,,,,,,,,,,,0,,,402,,,,,,use,,
264BOAT_clean,elements.csv,,,,,,,,,,,,,,0,,,403,,,,,,use,,
264BOAT_clean,elements.csv,,,,,,,,,,,,,,0,,,404,,,,,,use,,
264BOAT_clean,elements.csv,,,,,,,,,,,,,,0,,,405,,,,,,use,,
264BOAT_clean,elements.csv,,,,,,,,,,,,,,0,,,406,,,,,,use,,
264BOAT_clean,elements.csv,,,,,,,,,,,,,,0,,,407,,,,,,use,,
264BOAT_clean,elements.csv,,,,,,,,,,,,,,0,,,408,,,,,,use,,
264BOAT_clean,elements.csv,,,,,,,,,,,,,,0,,,409,,,,,,use,,
264BOAT_clean,elements.csv,,,,,,,,,,,,,,0,,,410,,,,,,use,,
264BOAT_clean,elements.csv,,,,,,,,,,,,,,0,,,411,,,,,,use,,
264BOAT_clean,elements.csv,,,,,,,,,,,,,,0,,,412,,,,,,use,,
264BOAT_clean,elements.csv,,,,,,,,,,,,,,0,,,413,,,,,,use,,
264BOAT_clean,elements.csv,,,,,,,,,,,,,,0,,,414,,,,,,use,,
264BOAT_clean,elements.csv,,,,,,,,,,,,,,0,,,415,,,,,,use,,
264BOAT_clean,elements.csv,,,,,,,,,,,,,,0,,,416,,,,,,use,,
264BOAT_clean,elements.csv,,,,,,,,,,,,,,0,,,417,,,,,,use,,
264BOAT_clean,elements.csv,,,,,,,,,,,,,,0,,,418,,,,,,use,,
264BOAT_clean,elements.csv,,,,,,,,,,,,,,0,,,419,,,,,,use,,
264BOAT_clean,elements.csv,,,,,,,,,,,,,,0,,,420,,,,,,use,,
264BOAT_clean,elements.csv,,,,,,,,,,,,,,0,,,421,,,,,,use,,
264BOAT_clean,elements.csv,,,,,,,,,,,,,,0,,,422,,,,,,use,,
264BOAT_clean,elements.csv,,,,,,,,,,,,,,0,,,423,,,,,,use,,
264BOAT_clean,elements.csv,,,,,,,,,,,,,,0,,,424,,,,,,use,,
264BOAT_clean,elements.csv,,,,,,,,,,,,,,0,,,425,,,,,,use,,
264BOAT_clean,elements.csv,,,,,,,,,,,,,,0,,,426,,,,,,use,,
264BOAT_clean,elements.csv,,,,,,,,,,,,,,0,,,427,,,,,,use,,
264BOAT_clean,elements.csv,,,,,,,,,,,,,,0,,,428,,,,,,use,,
264BOAT_clean,elements.csv,,,,,,,,,,,,,,0,,,429,,,,,,use,,
264BOAT_clean,elements.csv,,,,,,,,,,,,,,0,,,430,,,,,,use,,
264BOAT_clean,elements.csv,,,,,,,,,,,,,,0,,,431,,,,,,use,,
264BOAT_clean,elements.csv,,,,,,,,,,,,,,0,,,432,,,,,,use,,
264BOAT_clean,elements.csv,,,,,,,,,,,,,,0,,,433,,,,,,use,,
264BOAT_clean,elements.csv,,,,,,,,,,,,,,0,,,434,,,,,,use,,
264BOAT_clean,elements.csv,,,,,,,,,,,,,,0,,,435,,,,,,use,,
264BOAT_clean,elements.csv,,,,,,,,,,,,,,0,,,436,,,,,,use,,
264BOAT_clean,elements.csv,,,,,,,,,,,,,,0,,,437,,,,,,use,,
264BOAT_clean,elements.csv,,,,,,,,,,,,,,0,,,438,,,,,,use,,
264BOAT_clean,elements.csv,,,,,,,,,,,,,,0,,,439,,,,,,use,,
264BOAT_clean,elements.csv,,,,,,,,,,,,,,0,,,440,,,,,,use,,
264BOAT_clean,elements.csv,,,,,,,,,,,,,,0,,,441,,,,,,use,,
264BOAT_clean,elements.csv,,,,,,,,,,,,,,0,,,442,,,,,,use,,
264BOAT_clean,elements.csv,,,,,,,,,,,,,,0,,,443,,,,,,use,,
264BOAT_clean,elements.csv,,,,,,,,,,,,,,0,,,444,,,,,,use,,
264BOAT_clean,elements.csv,,,,,,,,,,,,,,0,,,445,,,,,,use,,
264BOAT_clean,elements.csv,,,,,,,,,,,,,,0,,,446,,,,,,use,,
264BOAT_clean,elements.csv,,,,,,,,,,,,,,0,,,447,,,,,,use,,
264BOAT_clean,elements.csv,,,,,,,,,,,,,,0,,,448,,,,,,use,,
264BOAT_clean,elements.csv,,,,,,,,,,,,,,0,,,449,,,,,,use,,
264BOAT_clean,elements.csv,,,,,,,,,,,,,,0,,,450,,,,,,use,,
264BOAT_clean,elements.csv,,,28.38,,,,,M:1 Z:1,,,,,,0,,,451,,,,,,path,,
264BOAT_clean,elements.csv,,,28.38,,,,,M:1 Z:1,,,,,none,0,,,452,,,,#000000,0.0,path,,
264BOAT_clean,elements.csv,,,,,,,,,,,,,,0,,,453,,,,,,use,,
264BOAT_clean,elements.csv,,,,,,,,,,,,,,0,,,454,,,,,,use,,
264BOAT_clean,elements.csv,,,,,,,,,,,,,,0,,,455,,,,,,use,,
264BOAT_clean,elements.csv,,,,,,,,,,,,,,0,,,456,,,,,,use,,
264BOAT_clean,elements.csv,,,,,,,,,,,,,,0,,,457,,,,,,use,,
264BOAT_clean,elements.csv,,,,,,,,,,,,,,0,,,458,,,,,,use,,
264BOAT_clean,elements.csv,,,,,,,,,,,,,,0,,,459,,,,,,use,,
264BOAT_clean,elements.csv,,,,,,,,,,,,,,0,,,460,,,,,,use,,
264BOAT_clean,elements.csv,,,,,,,,,,,,,,0,,,461,,,,,,use,,
264BOAT_clean,elements.csv,,,,,,,,,,,,,,0,,,462,,,,,,use,,
264BOAT_clean,elements.csv,,,,,,,,,,,,,,0,,,463,,,,,,use,,
264BOAT_clean,elements.csv,,,,,,,,,,,,,,0,,,464,,,,,,use,,
264BOAT_clean,elements.csv,,,,,,,,,,,,,,0,,,465,,,,,,use,,
264BOAT_clean,elements.csv,,,36.29,,,,,M:1 Z:1,,,,,,0,,,466,,,,,,path,,
264BOAT_clean,elements.csv,,,36.29,,,,,M:1 Z:1,,,,,none,0,,,467,,,,#000000,0.0,path,,
264BOAT_clean,elements.csv,,,,,,,,,,,,,,0,,,468,,,,,,use,,
264BOAT_clean,elements.csv,,,,,,,,,,,,,,0,,,469,,,,,,use,,
264BOAT_clean,elements.csv,,,,,,,,,,,,,,0,,,470,,,,,,use,,
264BOAT_clean,elements.csv,,,,,,,,,,,,,,0,,,471,,,,,,use,,
264BOAT_clean,elements.csv,,,,,,,,,,,,,,0,,,472,,,,,,use,,
264BOAT_clean,elements.csv,,,,,,,,,,,,,,0,,,473,,,,,,use,,
264BOAT_clean,elements.csv,,,,,,,,,,,,,,0,,,474,,,,,,use,,
264BOAT_clean,elements.csv,,,,,,,,,,,,,,0,,,475,,,,,,use,,
264BOAT_clean,elements.csv,,,,,,,,,,,,,,0,,,476,,,,,,use,,
264BOAT_clean,elements.csv,,,,,,,,,,,,,,0,,,477,,,,,,use,,
264BOAT_clean,elements.csv,,,,,,,,,,,,,,0,,,478,,,,,,use,,
264BOAT_clean,elements.csv,,,24.88,,,,,M:1 Z:1,,,,,,0,,,479,,,,,,path,,
264BOAT_clean,elements.csv,,,24.88,,,,,M:1 Z:1,,,,,none,0,,,480,,,,#000000,0.0,path,,
264BOAT_clean,elements.csv,,,,,,,,,,,,,,0,,,481,,,,,,use,,
264BOAT_clean,elements.csv,,,,,,,,,,,,,,0,,,482,,,,,,use,,
264BOAT_clean,elements.csv,,,,,,,,,,,,,,0,,,483,,,,,,use,,
264BOAT_clean,elements.csv,,,,,,,,,,,,,,0,,,484,,,,,,use,,
264BOAT_clean,elements.csv,,,,,,,,,,,,,,0,,,485,,,,,,use,,
264BOAT_clean,elements.csv,,,,,,,,,,,,,,0,,,486,,,,,,use,,
264BOAT_clean,elements.csv,,,,,,,,,,,,,,0,,,487,,,,,,use,,
264BOAT_clean,elements.csv,,,,,,,,,,,,,,0,,,488,,,,,,use,,
264BOAT_clean,elements.csv,,,,,,,,,,,,,,0,,,489,,,,,,use,,
264BOAT_clean,elements.csv,,,,,,,,,,,,,,0,,,490,,,,,,use,,
264BOAT_clean,elements.csv,,,,,,,,,,,,,,0,,,491,,,,,,use,,
264BOAT_clean,elements.csv,,,,,,,,,,,,,,0,,,492,,,,,,use,,
264BOAT_clean,elements.csv,,,,,,,,,,,,,,0,,,493,,,,,,use,,
264BOAT_clean,elements.csv,,,,,,,,,,,,,,0,,,494,,,,,,use,,
264BOAT_clean,elements.csv,,,,,,,,,,,,,,0,,,495,,,,,,use,,
264BOAT_clean,elements.csv,,,,,,,,,,,,,,0,,,496,,,,,,use,,
264BOAT_clean,elements.csv,,,,,,,,,,,,,,0,,,497,,,,,,use,,
264BOAT_clean,elements.csv,,,,,,,,,,,,,,0,,,498,,,,,,use,,
264BOAT_clean,elements.csv,,,24.88,,,,,M:1 Z:1,,,,,,0,,,499,,,,,,path,,
264BOAT_clean,elements.csv,,,24.88,,,,,M:1 Z:1,,,,,none,0,,,500,,,,#000000,0.0,path,,
264BOAT_clean,elements.csv,,,4.20,,,,,M:1 H:1,,,,,none,1,,,501,,,,#000000,12.0,path,,
264BOAT_clean,elements.csv,,,,,,,,,,,,,,0,,,502,,,,,,use,,
264BOAT_clean,elements.csv,,,,,,,,,,,,,,0,,,503,,,,,,use,,
264BOAT_clean,elements.csv,,,,,,,,,,,,,,0,,,504,,,,,,use,,
264BOAT_clean,elements.csv,,,,,,,,,,,,,,0,,,505,,,,,,use,,
264BOAT_clean,elements.csv,,,,,,,,,,,,,,0,,,506,,,,,,use,,
264BOAT_clean,elements.csv,,,,,,,,,,,,,,0,,,507,,,,,,use,,
264BOAT_clean,elements.csv,,,,,,,,,,,,,,0,,,508,,,,,,use,,
264BOAT_clean,elements.csv,,,,,,,,,,,,,,0,,,509,,,,,,use,,
264BOAT_clean,elements.csv,,,24.88,,,,,M:1 Z:1,,,,,,0,,,510,,,,,,path,,
264BOAT_clean,elements.csv,,,24.88,,,,,M:1 Z:1,,,,,none,0,,,511,,,,#000000,0.0,path,,
264BOAT_clean,elements.csv,,,,,,,,,,,,,,0,,,512,,,,,,use,,
264BOAT_clean,elements.csv,,,,,,,,,,,,,,0,,,513,,,,,,use,,
264BOAT_clean,elements.csv,,,,,,,,,,,,,,0,,,514,,,,,,use,,
264BOAT_clean,elements.csv,,,,,,,,,,,,,,0,,,515,,,,,,use,,
264BOAT_clean,elements.csv,,,,,,,,,,,,,,0,,,516,,,,,,use,,
264BOAT_clean,elements.csv,,,,,,,,,,,,,,0,,,517,,,,,,use,,
264BOAT_clean,elements.csv,,,,,,,,,,,,,,0,,,518,,,,,,use,,
264BOAT_clean,elements.csv,,,,,,,,,,,,,,0,,,519,,,,,,use,,
264BOAT_clean,elements.csv,,,,,,,,,,,,,,0,,,520,,,,,,use,,
264BOAT_clean,elements.csv,,,,,,,,,,,,,,0,,,521,,,,,,use,,
264BOAT_clean,elements.csv,,,,,,,,,,,,,,0,,,522,,,,,,use,,
264BOAT_clean,elements.csv,,,,,,,,,,,,,,0,,,523,,,,,,use,,
264BOAT_clean,elements.csv,,,,,,,,,,,,,,0,,,524,,,,,,use,,
264BOAT_clean,elements.csv,,,,,,,,,,,,,,0,,,525,,,,,,use,,
264BOAT_clean,elements.csv,,,,,,,,,,,,,,0,,,526,,,,,,use,,
264BOAT_clean,elements.csv,,,,,,,,,,,,,,0,,,527,,,,,,use,,
264BOAT_clean,elements.csv,,,45.21,,,,,M:1 Z:1,,,,,,0,,,528,,,,,,path,,
264BOAT_clean,elements.csv,,,45.21,,,,,M:1 Z:1,,,,,none,0,,,529,,,,#000000,0.0,path,,
264BOAT_clean,elements.csv,,,,,,,,,,,,,,0,,,530,,,,,,use,,
264BOAT_clean,elements.csv,,,,,,,,,,,,,,0,,,531,,,,,,use,,
264BOAT_clean,elements.csv,,,,,,,,,,,,,,0,,,532,,,,,,use,,
264BOAT_clean,elements.csv,,,,,,,,,,,,,,0,,,533,,,,,,use,,
264BOAT_clean,elements.csv,,,,,,,,,,,,,,0,,,534,,,,,,use,,
264BOAT_clean,elements.csv,,,,,,,,,,,,,,0,,,535,,,,,,use,,
264BOAT_clean,elements.csv,,,,,,,,,,,,,,0,,,536,,,,,,use,,
264BOAT_clean,elements.csv,,,,,,,,,,,,,,0,,,537,,,,,,use,,
264BOAT_clean,elements.csv,,,,,,,,,,,,,,0,,,538,,,,,,use,,
264BOAT_clean,elements.csv,,,,,,,,,,,,,,0,,,539,,,,,,use,,
264BOAT_clean,elements.csv,,,,,,,,,,,,,,0,,,540,,,,,,use,,
264BOAT_clean,elements.csv,,,,,,,,,,,,,,0,,,541,,,,,,use,,
264BOAT_clean,elements.csv,,,,,,,,,,,,,,0,,,542,,,,,,use,,
264BOAT_clean,elements.csv,,,50.40,,,,,M:1 Z:1,,,,,,0,,,543,,,,,,path,,
264BOAT_clean,elements.csv,,,50.40,,,,,M:1 Z:1,,,,,none,0,,,544,,,,#000000,0.0,path,,
264BOAT_clean,elements.csv,,,145.48,,,,,M:1,,,,,none,0,,,545,,,,#000000,12.0,path,,
264BOAT_clean,elements.csv,,,117.97,,,,,M:1,,,,,none,0,,,546,,,,#000000,12.0,path,,
264BOAT_clean,elements.csv,,,51.16,,,,,M:1,,,,,none,0,,,547,,,,#000000,12.0,path,,
264BOAT_clean,elements.csv,,,0.85,,,,,M:1,,,,,none,0,,,548,,,,#000000,12.0,path,,
264BOAT_clean,elements.csv,,,186.15,,,,,M:1,,,,,none,0,,,549,,,,#000000,12.0,path,,
264BOAT_clean,elements.csv,,,20.04,,,,,M:1,,,,,none,0,,,550,,,,#000000,12.0,path,,
264BOAT_clean,elements.csv,,,1.64,,,,,M:1,,,,,none,0,,,551,,,,#000000,12.0,path,,
264BOAT_clean,elements.csv,,,0.83,,,,,M:1,,,,,none,0,,,552,,,,#000000,12.0,path,,
264BOAT_clean,fonts_defs_map.csv,,,,,,,,,,,font_5_41,,,,,,,,,,,,path,,
264BOAT_clean,fonts_defs_map.csv,,,,,,,,,,,font_5_53,,,,,,,,,,,,path,,
264BOAT_clean,fonts_defs_map.csv,,,,,,,,,,,font_5_36,,,,,,,,,,,,path,,
264BOAT_clean,fonts_defs_map.csv,,,,,,,,,,,font_5_49,,,,,,,,,,,,path,,
264BOAT_clean,fonts_defs_map.csv,,,,,,,,,,,font_5_46,,,,,,,,,,,,path,,
264BOAT_clean,fonts_defs_map.csv,,,,,,,,,,,font_5_3,,,,,,,,,,,,path,,
264BOAT_clean,fonts_defs_map.csv,,,,,,,,,,,font_5_37,,,,,,,,,,,,path,,
264BOAT_clean,fonts_defs_map.csv,,,,,,,,,,,font_5_50,,,,,,,,,,,,path,,
264BOAT_clean,fonts_defs_map.csv,,,,,,,,,,,font_5_55,,,,,,,,,,,,path,,
264BOAT_clean,fonts_defs_map.csv,,,,,,,,,,,font_5_40,,,,,,,,,,,,path,,
264BOAT_clean,fonts_defs_map.csv,,,,,,,,,,,font_5_42,,,,,,,,,,,,path,,
264BOAT_clean,fonts_defs_map.csv,,,,,,,,,,,font_5_11,,,,,,,,,,,,path,,
264BOAT_clean,fonts_defs_map.csv,,,,,,,,,,,font_5_21,,,,,,,,,,,,path,,
264BOAT_clean,fonts_defs_map.csv,,,,,,,,,,,font_5_22,,,,,,,,,,,,path,,
264BOAT_clean,fonts_defs_map.csv,,,,,,,,,,,font_5_20,,,,,,,,,,,,path,,
264BOAT_clean,fonts_defs_map.csv,,,,,,,,,,,font_5_16,,,,,,,,,,,,path,,
264BOAT_clean,fonts_defs_map.csv,,,,,,,,,,,font_5_25,,,,,,,,,,,,path,,
264BOAT_clean,fonts_defs_map.csv,,,,,,,,,,,font_5_23,,,,,,,,,,,,path,,
264BOAT_clean,fonts_defs_map.csv,,,,,,,,,,,font_5_12,,,,,,,,,,,,path,,
264BOAT_clean,fonts_defs_map.csv,,,,,,,,,,,font_5_38,,,,,,,,,,,,path,,
264BOAT_clean,fonts_defs_map.csv,,,,,,,,,,,font_5_54,,,,,,,,,,,,path,,
264BOAT_clean,fonts_defs_map.csv,,,,,,,,,,,font_5_15,,,,,,,,,,,,path,,
264BOAT_clean,fonts_defs_map.csv,,,,,,,,,,,font_5_58,,,,,,,,,,,,path,,
264BOAT_clean,fonts_defs_map.csv,,,,,,,,,,,font_5_43,,,,,,,,,,,,path,,
264BOAT_clean,fonts_defs_map.csv,,,,,,,,,,,font_5_57,,,,,,,,,,,,path,,
264BOAT_clean,fonts_defs_map.csv,,,,,,,,,,,font_5_19,,,,,,,,,,,,path,,
264BOAT_clean,fonts_defs_map.csv,,,,,,,,,,,font_5_24,,,,,,,,,,,,path,,
264BOAT_clean,fonts_defs_map.csv,,,,,,,,,,,font_8_47,,,,,,,,,,,,path,,
264BOAT_clean,fonts_defs_map.csv,,,,,,,,,,,font_8_36,,,,,,,,,,,,path,,
264BOAT_clean,fonts_defs_map.csv,,,,,,,,,,,font_8_37,,,,,,,,,,,,path,,
264BOAT_clean,fonts_defs_map.csv,,,,,,,,,,,font_8_40,,,,,,,,,,,,path,,
264BOAT_clean,fonts_defs_map.csv,,,,,,,,,,,font_8_44,,,,,,,,,,,,path,,
264BOAT_clean,fonts_defs_map.csv,,,,,,,,,,,font_8_49,,,,,,,,,,,,path,,
264BOAT_clean,fonts_defs_map.csv,,,,,,,,,,,font_8_42,,,,,,,,,,,,path,,
264BOAT_clean,fonts_defs_map.csv,,,,,,,,,,,font_8_3,,,,,,,,,,,,path,,
264BOAT_clean,fonts_defs_map.csv,,,,,,,,,,,font_8_41,,,,,,,,,,,,path,,
264BOAT_clean,fonts_defs_map.csv,,,,,,,,,,,font_8_50,,,,,,,,,,,,path,,
264BOAT_clean,fonts_defs_map.csv,,,,,,,,,,,font_8_53,,,,,,,,,,,,path,,
264BOAT_clean,fonts_defs_map.csv,,,,,,,,,,,font_8_48,,,,,,,,,,,,path,,
264BOAT_clean,fonts_defs_map.csv,,,,,,,,,,,font_8_55,,,,,,,,,,,,path,,
264BOAT_clean,fonts_defs_map.csv,,,,,,,,,,,font_5_47,,,,,,,,,,,,path,,
264BOAT_clean,fonts_defs_map.csv,,,,,,,,,,,font_5_39,,,,,,,,,,,,path,,
264BOAT_clean,fonts_defs_map.csv,,,,,,,,,,,font_5_51,,,,,,,,,,,,path,,
264BOAT_clean,fonts_defs_map.csv,,,,,,,,,,,font_5_44,,,,,,,,,,,,path,,
264BOAT_clean,fonts_defs_map.csv,,,,,,,,,,,font_5_48,,,,,,,,,,,,path,,
264BOAT_clean,fonts_defs_map.csv,,,,,,,,,,,font_5_56,,,,,,,,,,,,path,,
264BOAT_clean,fonts_defs_map.csv,,,,,,,,,,,font_5_17,,,,,,,,,,,,path,,
264BOAT_clean,fonts_defs_map.csv,,,,,,,,,,,font_5_18,,,,,,,,,,,,path,,
264BOAT_clean,fonts_defs_map.csv,,,,,,,,,,,font_5_27,,,,,,,,,,,,path,,
264BOAT_clean,fonts_defs_map.csv,,,,,,,,,,,font_5_5,,,,,,,,,,,,path,,
264BOAT_clean,fonts_defs_map.csv,,,,,,,,,,,font_5_61,,,,,,,,,,,,path,,
264BOAT_clean,fonts_defs_map.csv,,,,,,,,,,,font_8_38,,,,,,,,,,,,path,,
264BOAT_clean,fonts_defs_map.csv,,,,,,,,,,,font_8_56,,,,,,,,,,,,path,,
264BOAT_clean,fonts_defs_map.csv,,,,,,,,,,,font_8_29,,,,,,,,,,,,path,,
264BOAT_clean,fonts_defs_map.csv,,,,,,,,,,,font_5_4,,,,,,,,,,,,path,,
264BOAT_clean,fonts_defs_map.csv,,,,,,,,,,,font_5_60,,,,,,,,,,,,path,,
264BOAT_clean,integrity.csv,,,,,,,duplicate_id_count,,,,,,,,,,,,,,,,,0,
264BOAT_clean,integrity.csv,,,,,,,orphan_use_ref_count,,,,,,,,,,,,,,,,,0,
264BOAT_clean,integrity.csv,,,,,,,xmlns_count,,,,,,,,,,,,,,,,,0,
264BOAT_clean,integrity.csv,,,,,,,has_viewBox,,,,,,,,,,,,,,,,,1,
264BOAT_clean,refs.csv,,,,,,,,,47,,,,,,#font_5_3,,,,,,,,,,
264BOAT_clean,refs.csv,,,,,,,,,42,,,,,,#font_5_40,,,,,,,,,,
264BOAT_clean,refs.csv,,,,,,,,,35,,,,,,#font_5_55,,,,,,,,,,
264BOAT_clean,refs.csv,,,,,,,,,27,,,,,,#font_5_36,,,,,,,,,,
264BOAT_clean,refs.csv,,,,,,,,,25,,,,,,#font_5_53,,,,,,,,,,
264BOAT_clean,refs.csv,,,,,,,,,25,,,,,,#font_5_49,,,,,,,,,,
264BOAT_clean,refs.csv,,,,,,,,,23,,,,,,#font_5_44,,,,,,,,,,
264BOAT_clean,refs.csv,,,,,,,,,21,,,,,,#font_5_54,,,,,,,,,,
264BOAT_clean,refs.csv,,,,,,,,,18,,,,,,#font_5_47,,,,,,,,,,
264BOAT_clean,refs.csv,,,,,,,,,16,,,,,,#font_5_50,,,,,,,,,,
264BOAT_clean,refs.csv,,,,,,,,,15,,,,,,#font_5_38,,,,,,,,,,
264BOAT_clean,refs.csv,,,,,,,,,10,,,,,,#font_5_48,,,,,,,,,,
264BOAT_clean,refs.csv,,,,,,,,,9,,,,,,#font_5_43,,,,,,,,,,
264BOAT_clean,refs.csv,,,,,,,,,9,,,,,,#font_5_39,,,,,,,,,,
264BOAT_clean,refs.csv,,,,,,,,,8,,,,,,#font_5_56,,,,,,,,,,
264BOAT_clean,refs.csv,,,,,,,,,7,,,,,,#font_5_37,,,,,,,,,,
264BOAT_clean,refs.csv,,,,,,,,,7,,,,,,#font_5_15,,,,,,,,,,
264BOAT_clean,refs.csv,,,,,,,,,6,,,,,,#font_5_58,,,,,,,,,,
264BOAT_clean,refs.csv,,,,,,,,,6,,,,,,#font_5_57,,,,,,,,,,
264BOAT_clean,refs.csv,,,,,,,,,5,,,,,,#font_5_25,,,,,,,,,,
264BOAT_clean,refs.csv,,,,,,,,,4,,,,,,#font_5_41,,,,,,,,,,
264BOAT_clean,refs.csv,,,,,,,,,4,,,,,,#font_5_21,,,,,,,,,,
264BOAT_clean,refs.csv,,,,,,,,,4,,,,,,#font_5_22,,,,,,,,,,
264BOAT_clean,refs.csv,,,,,,,,,4,,,,,,#font_5_51,,,,,,,,,,
264BOAT_clean,refs.csv,,,,,,,,,3,,,,,,#font_5_20,,,,,,,,,,
264BOAT_clean,refs.csv,,,,,,,,,3,,,,,,#font_5_23,,,,,,,,,,
264BOAT_clean,refs.csv,,,,,,,,,3,,,,,,#font_8_36,,,,,,,,,,
264BOAT_clean,refs.csv,,,,,,,,,3,,,,,,#font_5_60,,,,,,,,,,
264BOAT_clean,refs.csv,,,,,,,,,2,,,,,,#font_5_42,,,,,,,,,,
264BOAT_clean,refs.csv,,,,,,,,,2,,,,,,#font_5_19,,,,,,,,,,
264BOAT_clean,refs.csv,,,,,,,,,2,,,,,,#font_5_24,,,,,,,,,,
264BOAT_clean,refs.csv,,,,,,,,,2,,,,,,#font_8_47,,,,,,,,,,
264BOAT_clean,refs.csv,,,,,,,,,2,,,,,,#font_8_44,,,,,,,,,,
264BOAT_clean,refs.csv,,,,,,,,,2,,,,,,#font_8_49,,,,,,,,,,
264BOAT_clean,refs.csv,,,,,,,,,2,,,,,,#font_8_50,,,,,,,,,,
264BOAT_clean,refs.csv,,,,,,,,,2,,,,,,#font_8_55,,,,,,,,,,
264BOAT_clean,refs.csv,,,,,,,,,2,,,,,,#font_5_17,,,,,,,,,,
264BOAT_clean,refs.csv,,,,,,,,,1,,,,,,#font_5_46,,,,,,,,,,
264BOAT_clean,refs.csv,,,,,,,,,1,,,,,,#font_5_11,,,,,,,,,,
264BOAT_clean,refs.csv,,,,,,,,,1,,,,,,#font_5_16,,,,,,,,,,
264BOAT_clean,refs.csv,,,,,,,,,1,,,,,,#font_5_12,,,,,,,,,,
264BOAT_clean,refs.csv,,,,,,,,,1,,,,,,#font_8_37,,,,,,,,,,
264BOAT_clean,refs.csv,,,,,,,,,1,,,,,,#font_8_40,,,,,,,,,,
264BOAT_clean,refs.csv,,,,,,,,,1,,,,,,#font_8_42,,,,,,,,,,
264BOAT_clean,refs.csv,,,,,,,,,1,,,,,,#font_8_3,,,,,,,,,,
264BOAT_clean,refs.csv,,,,,,,,,1,,,,,,#font_8_41,,,,,,,,,,
264BOAT_clean,refs.csv,,,,,,,,,1,,,,,,#font_8_53,,,,,,,,,,
264BOAT_clean,refs.csv,,,,,,,,,1,,,,,,#font_8_48,,,,,,,,,,
264BOAT_clean,refs.csv,,,,,,,,,1,,,,,,#font_5_18,,,,,,,,,,
264BOAT_clean,refs.csv,,,,,,,,,1,,,,,,#font_5_27,,,,,,,,,,
264BOAT_clean,refs.csv,,,,,,,,,1,,,,,,#font_5_5,,,,,,,,,,
264BOAT_clean,refs.csv,,,,,,,,,1,,,,,,#font_5_61,,,,,,,,,,
264BOAT_clean,refs.csv,,,,,,,,,1,,,,,,#font_8_38,,,,,,,,,,
264BOAT_clean,refs.csv,,,,,,,,,1,,,,,,#font_8_56,,,,,,,,,,
264BOAT_clean,refs.csv,,,,,,,,,1,,,,,,#font_8_29,,,,,,,,,,
264BOAT_clean,refs.csv,,,,,,,,,1,,,,,,#font_5_4,,,,,,,,,,
264BOAT_clean,summary.csv,-2.0 -2.0 380.5 301.75,,,,,,,,,,,viewBox,,,,,,,,,,,,,
264BOAT_clean,summary.csv,376.5pt,,,,,,,,,,,width_attr,,,,,,,,,,,,,
264BOAT_clean,summary.csv,297.75pt,,,,,,,,,,,height_attr,,,,,,,,,,,,,
264BOAT_clean,summary.csv,,,,,,,,,,,,namespaces,,,,,,,,,,,,,
264BOAT_clean,summary.csv,,,,,,,,,,,,,,,,,,,,,,,,,
264BOAT_clean,summary.csv,count,,,,,,,,,,,tag,,,,,,,,,,,,,
264BOAT_clean,summary.csv,426,,,,,,,,,,,use,,,,,,,,,,,,,
264BOAT_clean,summary.csv,120,,,,,,,,,,,path,,,,,,,,,,,,,
264BOAT_clean,summary.csv,7,,,,,,,,,,,g,,,,,,,,,,,,,
264BOAT_clean,summary.csv,,,,,,,,,,,,,,,,,,,,,,,,,
264BOAT_clean,summary.csv,count,,,,,,,,,,,cmd,,,,,,,,,,,,,
264BOAT_clean,summary.csv,229,,,,,,,,,,,H,,,,,,,,,,,,,
264BOAT_clean,summary.csv,192,,,,,,,,,,,V,,,,,,,,,,,,,
264BOAT_clean,summary.csv,140,,,,,,,,,,,M,,,,,,,,,,,,,
264BOAT_clean,summary.csv,72,,,,,,,,,,,Z,,,,,,,,,,,,,
264BOAT_clean,summary.csv,71,,,,,,,,,,,C,,,,,,,,,,,,,
264BOAT_clean,summary.csv,59,,,,,,,,,,,L,,,,,,,,,,,,,
264BOAT_clean,summary.csv,,,,,,,,,,,,,,,,,,,,,,,,,
264BOAT_clean,summary.csv,0,,,,,,,,,,,invisible_elements,,,,,,,,,,,,,
264BOAT_clean,summary.csv,9,,,,,,,,,,,duplicated_paths_exact_d,,,,,,,,,,,,,
264BOAT_clean,summary.csv,0,,,,,,,,,,,duplicate_ids,,,,,,,,,,,,,
264BOAT_clean,summary.csv,0,,,,,,,,,,,orphan_use_refs,,,,,,,,,,,,,
264BOAT_clean,summary.csv,56,,,,,,,,,,,defs_total,,,,,,,,,,,,,
264BOAT_clean,summary.csv,0,,,,,,,,,,,unused_defs,,,,,,,,,,,,,
264BOAT_clean,summary.csv,1,,,,,,,,,,,has_rectlike_HV_presence,,,,,,,,,,,,,
264BOAT_clean,summary.csv,,,,,,,,,,,,,,,,,,,,,,,,,
264BOAT_clean,summary.csv,0.000,,,,,,,,,,,stroke_width_min,,,,,,,,,,,,,
264BOAT_clean,summary.csv,12.000,,,,,,,,,,,stroke_width_max,,,,,,,,,,,,,
264BOAT_clean,summary.csv,10.286,,,,,,,,,,,stroke_width_avg,,,,,,,,,,,,,
264BOAT_clean,summary.csv,,,,,,,,,,,,opacity_min,,,,,,,,,,,,,
264BOAT_clean,summary.csv,,,,,,,,,,,,opacity_max,,,,,,,,,,,,,
264BOAT_clean,summary.csv,,,,,,,,,,,,opacity_avg,,,,,,,,,,,,,
264BOAT_clean,tag_coverage.csv,,,,,3611.22,,,,,3.1452,,,,,,,,,,,,,path,,114815.88
264BOAT_clean,top_areas.csv,,,186.15,,,,,,,,,,none,,,,,,,1,#000000,,path,,
264BOAT_clean,top_areas.csv,,,145.48,,,,,,,,,,none,,,,,,,2,#000000,,path,,
264BOAT_clean,top_areas.csv,,,117.97,,,,,,,,,,none,,,,,,,3,#000000,,path,,
264BOAT_clean,top_areas.csv,,,104.70,,,,,,,,,,none,,,,,,,4,#411f9e,,path,,
264BOAT_clean,top_areas.csv,,,104.70,,,,,,,,,,none,,,,,,,5,#411f9e,,path,,
264BOAT_clean,top_areas.csv,,,104.70,,,,,,,,,,none,,,,,,,6,#411f9e,,path,,
264BOAT_clean,top_areas.csv,,,104.24,,,,,,,,,,none,,,,,,,7,#411f9e,,path,,
264BOAT_clean,top_areas.csv,,,104.24,,,,,,,,,,none,,,,,,,8,#411f9e,,path,,
264BOAT_clean,top_areas.csv,,,104.24,,,,,,,,,,none,,,,,,,9,#411f9e,,path,,
264BOAT_clean,top_areas.csv,,,104.24,,,,,,,,,,none,,,,,,,10,#411f9e,,path,,
264BOAT_clean,top_areas.csv,,,104.24,,,,,,,,,,none,,,,,,,11,#411f9e,,path,,
264BOAT_clean,top_areas.csv,,,104.24,,,,,,,,,,none,,,,,,,12,#411f9e,,path,,
264BOAT_clean,top_areas.csv,,,104.24,,,,,,,,,,none,,,,,,,13,#411f9e,,path,,
264BOAT_clean,top_areas.csv,,,104.24,,,,,,,,,,none,,,,,,,14,#411f9e,,path,,
264BOAT_clean,top_areas.csv,,,104.24,,,,,,,,,,none,,,,,,,15,#411f9e,,path,,
264BOAT_clean,top_areas.csv,,,104.24,,,,,,,,,,none,,,,,,,16,#411f9e,,path,,
264BOAT_clean,top_areas.csv,,,104.24,,,,,,,,,,none,,,,,,,17,#411f9e,,path,,
264BOAT_clean,top_areas.csv,,,103.87,,,,,,,,,,none,,,,,,,18,#411f9e,,path,,
264BOAT_clean,top_areas.csv,,,103.42,,,,,,,,,,none,,,,,,,19,#411f9e,,path,,
264BOAT_clean,top_areas.csv,,,103.42,,,,,,,,,,none,,,,,,,20,#411f9e,,path,,
264BOAT_clean,top_areas.csv,,,103.42,,,,,,,,,,none,,,,,,,21,#411f9e,,path,,
264BOAT_clean,top_areas.csv,,,103.42,,,,,,,,,,none,,,,,,,22,#411f9e,,path,,
264BOAT_clean,top_areas.csv,,,103.42,,,,,,,,,,none,,,,,,,23,#411f9e,,path,,
264BOAT_clean,top_areas.csv,,,103.42,,,,,,,,,,none,,,,,,,24,#411f9e,,path,,
264BOAT_clean,top_areas.csv,,,103.42,,,,,,,,,,none,,,,,,,25,#411f9e,,path,,
264BOAT_clean,top_areas.csv,,,103.42,,,,,,,,,,none,,,,,,,26,#411f9e,,path,,
264BOAT_clean,top_areas.csv,,,103.42,,,,,,,,,,none,,,,,,,27,#411f9e,,path,,
264BOAT_clean,top_areas.csv,,,52.06,,,,,,,,,,none,,,,,,,28,#000000,,path,,
264BOAT_clean,top_areas.csv,,,51.16,,,,,,,,,,none,,,,,,,29,#000000,,path,,
264BOAT_clean,top_areas.csv,,,50.40,,,,,,,,,,,,,,,,,30,,,path,,
264BOAT_clean,top_areas.csv,,,50.40,,,,,,,,,,none,,,,,,,31,#000000,,path,,
264BOAT_clean,top_areas.csv,,,45.21,,,,,,,,,,,,,,,,,32,,,path,,
264BOAT_clean,top_areas.csv,,,45.21,,,,,,,,,,none,,,,,,,33,#000000,,path,,
264BOAT_clean,top_areas.csv,,,36.29,,,,,,,,,,,,,,,,,34,,,path,,
264BOAT_clean,top_areas.csv,,,36.29,,,,,,,,,,none,,,,,,,35,#000000,,path,,
264BOAT_clean,top_areas.csv,,,28.38,,,,,,,,,,,,,,,,,36,,,path,,
264BOAT_clean,top_areas.csv,,,28.38,,,,,,,,,,none,,,,,,,37,#000000,,path,,
264BOAT_clean,top_areas.csv,,,24.88,,,,,,,,,,,,,,,,,38,,,path,,
264BOAT_clean,top_areas.csv,,,24.88,,,,,,,,,,none,,,,,,,39,#000000,,path,,
264BOAT_clean,top_areas.csv,,,24.88,,,,,,,,,,,,,,,,,40,,,path,,
264BOAT_clean,top_areas.csv,,,24.88,,,,,,,,,,none,,,,,,,41,#000000,,path,,
264BOAT_clean,top_areas.csv,,,24.88,,,,,,,,,,,,,,,,,42,,,path,,
264BOAT_clean,top_areas.csv,,,24.88,,,,,,,,,,none,,,,,,,43,#000000,,path,,
264BOAT_clean,top_areas.csv,,,20.04,,,,,,,,,,none,,,,,,,44,#000000,,path,,
264BOAT_clean,top_areas.csv,,,11.02,,,,,,,,,,#f8991e,,,,,,,45,,,path,,
264BOAT_clean,top_areas.csv,,,11.02,,,,,,,,,,none,,,,,,,46,#f8991e,,path,,
264BOAT_clean,top_areas.csv,,,5.54,,,,,,,,,,none,,,,,,,47,#00ff00,,path,,
264BOAT_clean,top_areas.csv,,,5.54,,,,,,,,,,none,,,,,,,48,#00ff00,,path,,
264BOAT_clean,top_areas.csv,,,4.93,,,,,,,,,,none,,,,,,,49,#00ff00,,path,,
264BOAT_clean,top_areas.csv,,,4.20,,,,,,,,,,none,,,,,,,50,#000000,,path,,
264BOAT_clean,top_areas.csv,,,1.72,,,,,,,,,,none,,,,,,,51,#000000,,path,,
264BOAT_clean,top_areas.csv,,,1.64,,,,,,,,,,none,,,,,,,52,#000000,,path,,
264BOAT_clean,top_areas.csv,,,1.26,,,,,,,,,,none,,,,,,,53,#00ff00,,path,,
264BOAT_clean,top_areas.csv,,,1.26,,,,,,,,,,none,,,,,,,54,#00ff00,,path,,
264BOAT_clean,top_areas.csv,,,1.21,,,,,,,,,,none,,,,,,,55,#00ff00,,path,,
264BOAT_clean,top_areas.csv,,,1.21,,,,,,,,,,none,,,,,,,56,#00ff00,,path,,
264BOAT_clean,top_areas.csv,,,0.85,,,,,,,,,,none,,,,,,,57,#000000,,path,,
264BOAT_clean,top_areas.csv,,,0.83,,,,,,,,,,none,,,,,,,58,#000000,,path,,
264BOAT_clean,top_areas.csv,,,0.82,,,,,,,,,,,,,font_5_11,,,,59,,,path,,
264BOAT_clean,top_areas.csv,,,0.66,,,,,,,,,,,,,font_5_58,,,,60,,,path,,
264BOAT_clean,top_areas.csv,,,0.62,,,,,,,,,,none,,,,,,,61,#00ff00,,path,,
264BOAT_clean,top_areas.csv,,,0.57,,,,,,,,,,,,,font_8_50,,,,62,,,path,,
264BOAT_clean,top_areas.csv,,,0.55,,,,,,,,,,,,,font_8_48,,,,63,,,path,,
264BOAT_clean,top_areas.csv,,,0.55,,,,,,,,,,,,,font_8_36,,,,64,,,path,,
264BOAT_clean,top_areas.csv,,,0.52,,,,,,,,,,,,,font_8_42,,,,65,,,path,,
264BOAT_clean,top_areas.csv,,,0.51,,,,,,,,,,,,,font_5_37,,,,66,,,path,,
264BOAT_clean,top_areas.csv,,,0.51,,,,,,,,,,,,,font_5_39,,,,67,,,path,,
264BOAT_clean,top_areas.csv,,,0.51,,,,,,,,,,,,,font_8_53,,,,68,,,path,,
264BOAT_clean,top_areas.csv,,,0.51,,,,,,,,,,,,,font_5_50,,,,69,,,path,,
264BOAT_clean,top_areas.csv,,,0.49,,,,,,,,,,,,,font_5_48,,,,70,,,path,,
264BOAT_clean,top_areas.csv,,,0.48,,,,,,,,,,,,,font_8_49,,,,71,,,path,,
264BOAT_clean,top_areas.csv,,,0.48,,,,,,,,,,,,,font_8_56,,,,72,,,path,,
264BOAT_clean,top_areas.csv,,,0.48,,,,,,,,,,,,,font_5_36,,,,73,,,path,,
264BOAT_clean,top_areas.csv,,,0.47,,,,,,,,,,,,,font_8_38,,,,74,,,path,,
264BOAT_clean,top_areas.csv,,,0.47,,,,,,,,,,,,,font_5_60,,,,75,,,path,,
264BOAT_clean,top_areas.csv,,,0.47,,,,,,,,,,,,,font_5_57,,,,76,,,path,,
264BOAT_clean,top_areas.csv,,,0.47,,,,,,,,,,,,,font_5_38,,,,77,,,path,,
264BOAT_clean,top_areas.csv,,,0.47,,,,,,,,,,,,,font_8_55,,,,78,,,path,,
264BOAT_clean,top_areas.csv,,,0.46,,,,,,,,,,,,,font_8_37,,,,79,,,path,,
264BOAT_clean,top_areas.csv,,,0.46,,,,,,,,,,,,,font_5_51,,,,80,,,path,,
264BOAT_clean,top_areas.csv,,,0.46,,,,,,,,,,,,,font_5_53,,,,81,,,path,,
264BOAT_clean,top_areas.csv,,,0.45,,,,,,,,,,,,,font_5_21,,,,82,,,path,,
264BOAT_clean,top_areas.csv,,,0.42,,,,,,,,,,,,,font_5_46,,,,83,,,path,,
264BOAT_clean,top_areas.csv,,,0.42,,,,,,,,,,,,,font_5_54,,,,84,,,path,,
264BOAT_clean,top_areas.csv,,,0.42,,,,,,,,,,,,,font_5_42,,,,85,,,path,,
264BOAT_clean,top_areas.csv,,,0.41,,,,,,,,,,,,,font_5_55,,,,86,,,path,,
264BOAT_clean,top_areas.csv,,,0.41,,,,,,,,,,,,,font_5_61,,,,87,,,path,,
264BOAT_clean,top_areas.csv,,,0.40,,,,,,,,,,,,,font_5_49,,,,88,,,path,,
264BOAT_clean,top_areas.csv,,,0.40,,,,,,,,,,,,,font_5_43,,,,89,,,path,,
264BOAT_clean,top_areas.csv,,,0.38,,,,,,,,,,,,,font_8_40,,,,90,,,path,,
264BOAT_clean,top_areas.csv,,,0.38,,,,,,,,,,,,,font_5_40,,,,91,,,path,,
264BOAT_clean,top_areas.csv,,,0.38,,,,,,,,,,,,,font_8_47,,,,92,,,path,,
264BOAT_clean,top_areas.csv,,,0.38,,,,,,,,,,,,,font_8_41,,,,93,,,path,,
264BOAT_clean,top_areas.csv,,,0.35,,,,,,,,,,,,,font_5_23,,,,94,,,path,,
264BOAT_clean,top_areas.csv,,,0.35,,,,,,,,,,,,,font_5_41,,,,95,,,path,,
264BOAT_clean,top_areas.csv,,,0.35,,,,,,,,,,,,,font_5_25,,,,96,,,path,,
264BOAT_clean,top_areas.csv,,,0.34,,,,,,,,,,,,,font_5_27,,,,97,,,path,,
264BOAT_clean,top_areas.csv,,,0.34,,,,,,,,,,,,,font_5_22,,,,98,,,path,,
264BOAT_clean,top_areas.csv,,,0.34,,,,,,,,,,,,,font_5_24,,,,99,,,path,,
264BOAT_clean,top_areas.csv,,,0.34,,,,,,,,,,,,,font_5_19,,,,100,,,path,,
264BOAT_clean,top_areas.csv,,,0.34,,,,,,,,,,,,,font_5_56,,,,101,,,path,,
264BOAT_clean,top_areas.csv,,,0.32,,,,,,,,,,,,,font_5_47,,,,102,,,path,,
264BOAT_clean,top_areas.csv,,,0.31,,,,,,,,,,,,,font_8_44,,,,103,,,path,,
264BOAT_clean,top_areas.csv,,,0.21,,,,,,,,,,,,,font_5_18,,,,104,,,path,,
264BOAT_clean,top_areas.csv,,,0.10,,,,,,,,,,,,,font_8_29,,,,105,,,path,,
264BOAT_clean,top_areas.csv,,,0.08,,,,,,,,,,,,,font_5_4,,,,106,,,path,,
264BOAT_clean,top_areas.csv,,,0.07,,,,,,,,,,,,,font_5_44,,,,107,,,path,,
264BOAT_clean,top_areas.csv,,,0.07,,,,,,,,,,,,,font_5_5,,,,108,,,path,,
264BOAT_clean,top_areas.csv,,,0.06,,,,,,,,,,,,,font_5_20,,,,109,,,path,,
264BOAT_clean,top_areas.csv,,,0.04,,,,,,,,,,,,,font_5_15,,,,110,,,path,,
264BOAT_clean,top_areas.csv,,,0.02,,,,,,,,,,,,,font_5_16,,,,111,,,path,,
264BOAT_clean,top_areas.csv,,,0.01,,,,,,,,,,,,,font_5_17,,,,112,,,path,,
